{
  "book": "Dr Jekyll And Mr Hyde",
  "num_sections": 10,
  "sections": [
    {
      "names": [
        "Gabriel John Utterson",
        "Henry Jekyll",
        "Edward Hyde",
        "Richard Enfield"
      ],
      "matrix": [
        [
          0.0,
          0.5,
          0.25,
          0.25
        ],
        [
          0.5,
          0.0,
          0.5,
          0.0
        ],
        [
          0.3333333333333333,
          0.6666666666666666,
          0.0,
          0.0
        ],
        [
          1.0,
          0.0,
          0.0,
          0.0
        ]
      ]
    },
    {
      "names": [
        "Edward Hyde",
        "Gabriel John Utterson",
        "Henry Jekyll",
        "Harry Jekyll",
        "Richard Enfield"
      ],
      "matrix": [
        [
          0.0,
          0.4,
          0.4,
          0.2,
          0.0
        ],
        [
          0.4,
          0.0,
          0.4,
          0.0,
          0.2
        ],
        [
          0.5,
          0.5,
          0.0,
          0.0,
          0.0
        ],
        [
          1.0,
          0.0,
          0.0,
          0.0,
          0.0
        ],
        [
          0.0,
          1.0,
          0.0,
          0.0,
          0.0
        ]
      ]
    },
    {
      "names": [
        "Edward Hyde",
        "Gabriel John Utterson",
        "Henry Jekyll",
        "Harry Jekyll",
        "Richard Enfield",
        "Danvers Carew"
      ],
      "matrix": [
        [
          0.0,
          0.42857142857142855,
          0.42857142857142855,
          0.14285714285714285,
          0.0,
          0.0
        ],
        [
          0.42857142857142855,
          0.0,
          0.42857142857142855,
          0.0,
          0.14285714285714285,
          0.0
        ],
        [
          0.5,
          0.5,
          0.0,
          0.0,
          0.0,
          0.0
        ],
        [
          1.0,
          0.0,
          0.0,
          0.0,
          0.0,
          0.0
        ],
        [
          0.0,
          1.0,
          0.0,
          0.0,
          0.0,
          0.0
        ],
        [
          0.0,
          0.0,
          0.0,
          0.0,
          0.0,
          0.0
        ]
      ]
    },
    {
      "names": [
        "Edward Hyde",
        "Gabriel John Utterson",
        "Henry Jekyll",
        "Harry Jekyll",
        "Danvers Carew",
        "Richard Enfield"
      ],
      "matrix": [
        [
          0.0,
          0.3,
          0.3,
          0.2,
          0.2,
          0.0
        ],
        [
          0.375,
          0.0,
          0.375,
          0.125,
          0.0,
          0.125
        ],
        [
          0.5,
          0.5,
          0.0,
          0.0,
          0.0,
          0.0
        ],
        [
          0.6666666666666666,
          0.3333333333333333,
          0.0,
          0.0,
          0.0,
          0.0
        ],
        [
          1.0,
          0.0,
          0.0,
          0.0,
          0.0,
          0.0
        ],
        [
          0.0,
          1.0,
          0.0,
          0.0,
          0.0,
          0.0
        ]
      ]
    },
    {
      "names": [
        "Edward Hyde",
        "G. J. Utterson",
        "Henry Jekyll",
        "Harry Jekyll",
        "Richard Enfield",
        "Danvers Carew"
      ],
      "matrix": [
        [
          0.0,
          0.36363636363636365,
          0.2727272727272727,
          0.18181818181818182,
          0.0,
          0.18181818181818182
        ],
        [
          0.4,
          0.0,
          0.3,
          0.1,
          0.2,
          0.0
        ],
        [
          0.5,
          0.5,
          0.0,
          0.0,
          0.0,
          0.0
        ],
        [
          0.6666666666666666,
          0.3333333333333333,
          0.0,
          0.0,
          0.0,
          0.0
        ],
        [
          0.0,
          1.0,
          0.0,
          0.0,
          0.0,
          0.0
        ],
        [
          1.0,
          0.0,
          0.0,
          0.0,
          0.0,
          0.0
        ]
      ]
    },
    {
      "names": [
        "Edward Hyde",
        "G. J. Utterson",
        "Henry Jekyll",
        "Harry Jekyll",
        "Richard Enfield",
        "Danvers Carew",
        "Bradshaw"
      ],
      "matrix": [
        [
          0.0,
          0.5,
          0.21428571428571427,
          0.14285714285714285,
          0.0,
          0.14285714285714285,
          0.0
        ],
        [
          0.5384615384615384,
          0.0,
          0.23076923076923078,
          0.07692307692307693,
          0.15384615384615385,
          0.0,
          0.0
        ],
        [
          0.5,
          0.5,
          0.0,
          0.0,
          0.0,
          0.0,
          0.0
        ],
        [
          0.6666666666666666,
          0.3333333333333333,
          0.0,
          0.0,
          0.0,
          0.0,
          0.0
        ],
        [
          0.0,
          1.0,
          0.0,
          0.0,
          0.0,
          0.0,
          0.0
        ],
        [
          1.0,
          0.0,
          0.0,
          0.0,
          0.0,
          0.0,
          0.0
        ],
        [
          0.0,
          0.0,
          0.0,
          0.0,
          0.0,
          0.0,
          0.0
        ]
      ]
    },
    {
      "names": [
        "Edward Hyde",
        "G. J. Utterson",
        "Henry Jekyll",
        "Harry Jekyll",
        "Richard Enfield",
        "Danvers Carew",
        "Bradshaw"
      ],
      "matrix": [
        [
          0.0,
          0.5,
          0.21428571428571427,
          0.14285714285714285,
          0.0,
          0.14285714285714285,
          0.0
        ],
        [
          0.5384615384615384,
          0.0,
          0.23076923076923078,
          0.07692307692307693,
          0.15384615384615385,
          0.0,
          0.0
        ],
        [
          0.5,
          0.5,
          0.0,
          0.0,
          0.0,
          0.0,
          0.0
        ],
        [
          0.6666666666666666,
          0.3333333333333333,
          0.0,
          0.0,
          0.0,
          0.0,
          0.0
        ],
        [
          0.0,
          1.0,
          0.0,
          0.0,
          0.0,
          0.0,
          0.0
        ],
        [
          1.0,
          0.0,
          0.0,
          0.0,
          0.0,
          0.0,
          0.0
        ],
        [
          0.0,
          0.0,
          0.0,
          0.0,
          0.0,
          0.0,
          0.0
        ]
      ]
    },
    {
      "names": [
        "Edward Hyde",
        "G. J. Utterson",
        "Henry Jekyll",
        "Harry Jekyll",
        "Danvers Carew",
        "Richard Enfield",
        "Bradshaw"
      ],