{
  "book": "the_hobbit_sample",
  "num_sections": 1,
  "sections": [
    {
      "names": [
        "Bilbo Baggins",
        "Frodo Baggins",
        "Gandalf"
      ],
      "matrix": [
        [
          0.0,
          0.5,
          0.0
        ],
        [
          0.5,
          0.0,
          0.0
        ],
        [
          0.0,
          0.0,
          0.0
        ],
        [
          0.3333333333333333,
          0.3333333333333333,
          0.3333333333333333
        ]
      ]
    }
  ]
}